prop_id,legal_acreage,living_area,imprv_det_quality_cd,tax_area_description,abs_subdv_cd,sl_price,effective_year_built,imprv_type_cd,base_area,actual_year_built,prop_val_yr,sup_num,CENTROID_X,CENTROID_y,geo_id,sum_us_area,total_porch_area,total_garage_area,effective_age,actual_age,has_canal,has_lake,number_of_baths,MISC_Val,hood_cd,sl_county_ratio_cd
33615,0.15,1886,3,GAINESVILLE,129000,314000,1990,100,1546.0,1990,2022,0,-82.37964662,29.71233474,06017-032-019,0.0,364.0,441.0,31,31,0,0,2.0,1535,164314.06,1
96360,0.46,1679,3,WALDO,148500,137300,1977,100,1679.0,1927,2022,0,-82.17139016,29.79005367,17192-002-000,0.0,760.0,0.0,44,94,0,0,2.0,1146,313523.01,1
19814,0.05,1184,3,SUWANNEE,245304,280300,2015,100,1183.5,2015,2022,0,-82.47747373,29.66411142,04314-102-119,0.0,177.5,273.0,6,6,0,0,2.0,66,154235.01,1
35321,0.21,1324,3,ST. JOHN'S,187601,229000,1988,100,1324.0,1988,2022,0,-82.40890977,29.69389055,06048-010-036,0.0,200.0,420.0,33,33,0,0,2.0,1124,114321.06,1
64958,4.7,2200,3,ST. JOHN'S,0,524300,2008,100,2200.0,2000,2022,0,-82.423899,29.58456355,07098-014-000,0.0,168.0,616.0,13,21,0,0,2.0,4530,125332.01,1
81087,0.34,1878,3,GAINESVILLE,127100,346500,2010,100,1878.0,1950,2022,0,-82.31538948,29.66843095,10173-000-000,0.0,222.0,0.0,11,71,0,0,2.0,1809,324433.05,1
97547,0.23,1368,2,ST. JOHN'S,0,80300,1970,100,1256.0,1960,2022,0,-82.2438816,29.67586308,17744-005-000,0.0,112.0,0.0,51,61,0,0,1.0,484,314530.01,1
4848,1.02,1873,3,HIGH SPRINGS,228700,410400,2005,100,1873.0,2005,2022,0,-82.60488119,29.80298535,01486-010-007,0.0,519.0,460.0,16,16,0,0,2.0,12628,223110.01,1
32343,0.25,1156,3,GAINESVILLE,142200,209700,1990,100,1156.0,1974,2022,0,-82.36573129,29.70642201,06014-020-082,0.0,40.0,228.0,31,47,0,0,2.0,966,174313.01,1
47293,0.23,1255,3,GAINESVILLE,188900,116800,1974,100,1255.0,1959,2022,0,-82.38180672,29.66835666,06399-013-000,0.0,196.0,0.0,47,62,0,0,2.0,1175,114335.12,1
61848,0.4,2798,4,ST. JOHN'S,232601,697800,2005,100,2238.0,2005,2022,0,-82.43818413,29.62524688,06860-362-037,560.0,396.5,682.0,16,16,0,0,3.0,14811,125317.04,1
61947,0.16,1926,4,ST. JOHN'S,228605,379800,2006,100,1926.0,2006,2022,0,-82.43509323,29.63015638,06860-366-025,0.0,331.0,380.0,15,15,0,0,2.0,1568,125317.06,1
76048,0.24,989,3,GAINESVILLE,96000,193200,1998,100,989.0,1970,2022,0,-82.30899014,29.68244115,08231-003-049,0.0,0.0,0.0,23,51,0,0,1.0,300,324428.01,1
77041,0.21,895,3,GAINESVILLE,146100,230700,2004,100,895.0,1949,2022,0,-82.33613959,29.67548356,08652-000-000,0.0,0.0,0.0,17,72,0,0,1.0,0,324429.01,1
77414,0.16,1228,3,GAINESVILLE,166400,244700,2005,100,1228.0,1999,2022,0,-82.34812797,29.68389858,08876-007-001,0.0,165.0,308.0,16,22,0,0,2.0,1468,324430.01,1
77440,0.15,864,3,GAINESVILLE,166400,193700,2000,100,864.0,1920,2022,0,-82.35118071,29.68462361,08878-002-000,0.0,0.0,0.0,21,101,0,0,1.0,0,324430.01,1
92913,0.24,1404,2,ST. JOHN'S,108801,113500,1970,100,1404.0,1966,2022,0,-82.28188134,29.63444674,16134-024-006,0.0,0.0,0.0,51,55,0,0,2.0,1292,315411.03,1
93409,0.28,973,3,ST. JOHN'S,110300,108500,1985,100,832.0,1970,2022,0,-82.27149602,29.63213248,16187-063-000,0.0,201.0,0.0,36,51,0,0,1.0,144,315412.02,1
3482,0.34,1083,2,HIGH SPRINGS,64600,91900,1976,100,1083.0,1929,2022,0,-82.60636425,29.83200859,00911-000-000,0.0,96.0,0.0,45,92,0,0,1.0,0,223100.07,1
3547,1.15,2112,3,HIGH SPRINGS,94500,271100,1996,100,1618.0,1976,2022,0,-82.60464586,29.83627396,00983-000-000,494.0,36.0,0.0,25,45,0,0,1.5,10363,223100.09,1
75728,0.18,1274,3,GAINESVILLE,95800,96500,1970,100,1274.0,1960,2022,0,-82.31278593,29.67778212,08202-145-000,0.0,0.0,0.0,51,61,0,0,1.0,1836,324428.02,1
73296,0.05,1166,3,GAINESVILLE,236402,257700,2014,100,1166.0,2014,2022,0,-82.35480709,29.70250663,07891-030-228,0.0,24.0,276.0,7,7,0,0,2.0,12916,324419.03,1
88103,0.1,858,3,GAINESVILLE,24400,180600,1982,100,858.0,1946,2022,0,-82.33514475,29.65466673,13932-000-000,0.0,25.0,0.0,39,75,0,0,1.0,0,136030.3,1
89793,0.29,1995,3,GAINESVILLE,61500,488800,1987,100,1860.0,1946,2022,0,-82.34516769,29.65606435,15306-000-000,0.0,183.0,0.0,34,75,0,0,2.0,1712,145406.03,1
25024,0.25,1224,3,ARCHER,246900,71000,1982,100,1074.0,1982,2022,0,-82.5109647,29.53174243,04907-004-005,0.0,150.0,0.0,39,39,0,0,1.5,167,216216.01,1
41709,0.27,1810,3,ST. JOHN'S,108700,256500,1986,100,1810.0,1986,2022,0,-82.39488315,29.68551531,06124-002-013,0.0,234.0,0.0,35,35,0,0,2.0,1145,114327.01,1
42201,0.23,1673,3,ST. JOHN'S,28200,303400,2000,100,1673.0,1996,2022,0,-82.40030885,29.68124467,06150-001-057,0.0,126.0,399.0,21,25,0,0,2.0,404,114327.04,1
13388,0.17,867,3,ALACHUA,2300,107500,1991,100,867.0,1991,2022,0,-82.47477579,29.79155345,03195-002-043,0.0,112.0,281.0,30,30,0,0,1.0,224,233213.02,1
20300,0.25,2443,4,SUWANNEE,245500,618300,2017,100,2442.5,2017,2022,0,-82.45921148,29.67109965,04321-053-054,0.0,340.5,483.0,4,4,0,0,2.5,15001,134236.03,1
53161,0.93,2470,4,ST. JOHN'S,224300,570600,2013,100,2470.0,2013,2022,0,-82.45219721,29.64010529,06665-010-022,0.0,547.0,568.0,8,8,0,0,3.0,2171,125307.06,1
53343,1.2,3668,5,ST. JOHN'S,30406,740500,2000,100,3151.0,2000,2022,0,-82.45544667,29.63658267,06666-050-102,517.0,584.0,911.0,21,21,0,0,4.0,10531,125307.03,1
82519,0.23,1120,3,GAINESVILLE,140500,166700,1992,100,1120.0,1958,2022,0,-82.30076346,29.66955631,10760-015-000,0.0,40.0,0.0,29,63,0,0,1.0,5593,324434.01,1
100727,0.42,2538,3,SUWANNEE,210500,524300,1987,100,2538.0,1959,2022,0,-82.08388137,29.71830555,18688-002-000,0.0,224.0,0.0,34,62,0,1,2.0,4833,314600.21,1
14435,0.34,692,3,ALACHUA,76600,60600,1970,100,692.0,1933,2022,0,-82.49747601,29.7969252,03554-000-000,0.0,108.0,0.0,51,88,0,0,1.0,0,233215.03,1
16039,0.51,1204,3,ALACHUA,154800,225200,1999,100,1204.0,1994,2022,0,-82.51710018,29.76521214,03980-010-023,0.0,0.0,440.0,22,27,0,0,2.0,958,233228.02,1
39785,0.24,1591,3,GAINESVILLE,93100,297100,1990,100,1591.0,1980,2022,0,-82.36459598,29.68786667,06092-014-027,0.0,45.0,552.0,31,41,0,0,2.0,3375,134325.36,1
54772,0.12,1100,3,ST. JOHN'S,153700,216800,1998,100,1100.0,1985,2022,0,-82.42118083,29.63427434,06678-015-052,0.0,20.0,336.0,23,36,0,0,2.0,378,125309.03,1
67827,0.09,1343,3,GAINESVILLE,175800,272600,1998,100,1343.0,1995,2022,0,-82.36551551,29.61296921,07295-110-000,0.0,30.0,242.0,23,26,0,0,2.0,1280,148100.84,1
84423,0.19,1224,3,GAINESVILLE,137005,136300,2003,100,944.0,1920,2022,0,-82.29868767,29.65161602,11264-000-000,0.0,370.0,0.0,18,101,0,0,1.0,76,315403.03,1
18870,0.17,1521,3,SUWANNEE,239800,389300,2005,100,1521.0,2005,2023,0,-82.49927731,29.67419616,04227-010-078,0.0,292.0,420.0,17,17,0,0,2.0,1519,134227.02,1
17046,21.0,1882,3,SUWANNEE,0,757800,2000,100,1882.0,1983,2023,0,-82.53912259,29.72416643,04092-003-000,0.0,746.0,598.0,22,39,0,0,2.0,4932,154208.45,1
12667,0.25,2640,4,ALACHUA,238900,488400,2004,100,2640.0,2004,2023,0,-82.5210624,29.80653447,03053-010-001,0.0,781.0,483.0,18,18,0,0,2.0,7541,233208.02,1
13388,0.17,867,3,ALACHUA,2300,142900,1991,100,867.0,1991,2023,0,-82.47477579,29.79155345,03195-002-043,0.0,112.0,281.0,31,31,0,0,1.0,224,233213.02,1
12151,2.0,2748,4,ALACHUA,48900,543200,2012,100,2448.5,1996,2023,0,-82.50154044,29.8162852,03013-020-014,0.0,355.5,506.0,10,26,0,0,2.0,5859,233203.01,1
30333,0.1,1152,3,GAINESVILLE,200500,189600,1987,100,1152.0,1987,2023,0,-82.38327115,29.73262282,05979-069-000,0.0,0.0,0.0,35,35,0,0,2.0,368,174302.01,2
25024,0.25,1224,3,ARCHER,246900,195200,1995,100,1074.0,1982,2023,0,-82.5109647,29.53174243,04907-004-005,0.0,150.0,0.0,27,40,0,0,1.5,167,216216.01,1
25524,0.23,1044,2,SUWANNEE,0,56500,1962,100,1044.0,1962,2023,0,-82.52357926,29.52138827,05105-003-000,0.0,0.0,0.0,60,60,0,0,1.0,0,216200.0,1
3237,0.34,1171,3,HIGH SPRINGS,64600,179200,1978,100,1171.0,1963,2023,0,-82.59873641,29.8319827,00703-006-000,0.0,147.0,0.0,44,59,0,0,1.0,915,223100.07,1
3547,1.15,2112,3,HIGH SPRINGS,94500,260300,1996,100,1618.0,1976,2023,0,-82.60464586,29.83627396,00983-000-000,494.0,36.0,0.0,26,46,0,0,1.5,10363,223100.09,1
34702,1.02,1758,4,SUWANNEE,121200,426400,2007,100,1758.0,1981,2023,0,-82.43233392,29.70700686,06035-003-020,0.0,222.0,390.0,15,41,0,0,2.0,8189,114317.01,2
35649,1.91,3983,5,ST. JOHN'S,195500,972800,2006,100,1915.0,1994,2023,0,-82.41552108,29.70128892,06050-010-011,2068.0,26.0,834.0,16,28,0,0,3.0,14458,114321.03,1
49330,0.24,1580,3,GAINESVILLE,221800,166300,1975,100,1580.0,1957,2023,0,-82.37427669,29.65628157,06482-066-000,0.0,0.0,0.0,47,65,0,0,2.0,1143,145302.01,1
49466,0.24,1340,3,GAINESVILLE,72800,225600,1975,100,962.0,1956,2023,0,-82.37848405,29.65386576,06484-076-000,0.0,687.0,0.0,47,66,0,0,1.0,531,145302.01,1
97547,0.23,1368,2,ST. JOHN'S,0,153400,1970,100,1256.0,1960,2023,0,-82.2438816,29.67586308,17744-005-000,0.0,112.0,0.0,52,62,0,0,1.0,484,314530.01,1
32481,0.25,1820,3,GAINESVILLE,142300,137600,1978,100,1820.0,1975,2023,0,-82.36519259,29.70838716,06014-022-084,0.0,0.0,0.0,44,47,0,0,2.0,437,174313.01,1
33426,0.11,1718,3,GAINESVILLE,127400,253100,1987,100,800.0,1985,2023,0,-82.3789437,29.70939124,06017-001-034,918.0,0.0,326.0,35,37,0,0,2.5,1016,164314.01,1
47232,0.23,1052,3,GAINESVILLE,57900,208700,1990,100,912.0,1962,2023,0,-82.38257067,29.66740034,06398-005-000,0.0,231.0,0.0,32,60,0,0,1.0,1512,114335.12,2
77257,0.33,1112,3,GAINESVILLE,188100,200200,1983,100,1112.0,1983,2023,0,-82.33738647,29.68235731,08824-000-000,0.0,80.0,396.0,39,39,0,0,1.5,2365,324429.02,1
92913,0.24,1404,2,ST. JOHN'S,108801,165700,1990,100,1404.0,1966,2023,0,-82.28188134,29.63444674,16134-024-006,0.0,0.0,0.0,32,56,0,0,2.0,1292,315411.03,1
93409,0.28,973,3,ST. JOHN'S,110300,146000,1985,100,832.0,1970,2023,0,-82.27149602,29.63213248,16187-063-000,0.0,201.0,0.0,37,52,0,0,1.0,144,315412.02,1
32064,0.4,1384,3,GAINESVILLE,141800,281300,2005,100,1384.0,1981,2023,0,-82.37105897,29.71197338,06014-012-010,0.0,20.0,440.0,17,41,0,0,2.0,2096,174313.12,1
32343,0.25,1156,3,GAINESVILLE,142200,231200,1995,100,1156.0,1974,2023,0,-82.36573129,29.70642201,06014-020-082,0.0,40.0,228.0,27,48,0,0,2.0,966,174313.01,1
46530,0.36,2710,3,GAINESVILLE,186700,515400,2005,100,2710.0,1968,2023,0,-82.39069959,29.66966493,06383-029-018,0.0,162.0,0.0,17,54,0,0,2.0,2368,114334.1,1
74597,0.27,1113,3,GAINESVILLE,145500,228100,2012,100,1113.0,1952,2023,0,-82.33329382,29.68914577,08055-020-000,0.0,77.0,0.0,10,70,0,0,2.0,1050,324420.03,1
75728,0.18,1274,3,GAINESVILLE,95800,206700,2000,100,1274.0,1960,2023,0,-82.31278593,29.67778212,08202-145-000,0.0,0.0,0.0,22,62,0,0,1.0,1836,324428.02,1
44990,0.33,1883,4,ST. JOHN'S,37500,370700,1996,100,1883.0,1996,2023,0,-82.43721464,29.6723294,06322-010-011,0.0,242.5,484.0,26,26,0,0,2.5,7899,114332.02,1
59243,0.23,2440,3,ST. JOHN'S,226400,397000,2002,100,2439.5,2002,2023,0,-82.43031235,29.60716449,06858-020-114,0.0,223.5,457.0,20,20,0,0,3.0,1108,125320.18,1
73295,0.05,1238,3,GAINESVILLE,236402,251800,2014,100,1238.0,2014,2023,0,-82.35491732,29.70250712,07891-030-227,0.0,81.0,264.0,8,8,0,0,2.0,822,324419.03,1
73296,0.05,1166,3,GAINESVILLE,236402,269900,2014,100,1166.0,2014,2023,0,-82.35480709,29.70250663,07891-030-228,0.0,24.0,276.0,8,8,0,0,2.0,11870,324419.03,1
89742,0.47,1863,3,GAINESVILLE,61500,439800,1985,100,1863.0,1954,2023,0,-82.34591195,29.65872745,15256-000-000,0.0,54.0,0.0,37,68,0,0,2.0,3268,145406.03,1
41709,0.27,1810,3,ST. JOHN'S,108700,307500,1986,100,1810.0,1986,2023,0,-82.39488315,29.68551531,06124-002-013,0.0,234.0,0.0,36,36,0,0,2.0,1145,114327.01,1
42591,0.32,1647,3,ST. JOHN'S,0,386600,2015,100,1647.0,1964,2023,0,-82.39233004,29.67469035,06178-005-000,0.0,138.0,540.0,7,58,0,0,2.0,629,114327.05,2
87817,0.24,1322,3,GAINESVILLE,23200,362700,1981,100,1322.0,1932,2023,0,-82.33191727,29.65367521,13669-000-000,0.0,96.0,0.0,41,90,0,0,1.0,3037,136030.35,1
88228,0.14,1412,3,GAINESVILLE,25100,134100,1974,100,1412.0,1927,2023,0,-82.33788463,29.65676917,14072-000-000,0.0,384.0,0.0,48,95,0,0,1.0,607,145405.07,1
84296,0.9,883,2,GAINESVILLE,194300,70900,1955,100,883.0,1950,2023,0,-82.2985453,29.65317536,11219-000-000,0.0,77.0,0.0,67,72,0,0,1.0,447,315403.01,1
84457,0.23,1800,3,GAINESVILLE,137006,136300,1978,100,1800.0,1965,2023,0,-82.29808755,29.64918307,11276-009-000,0.0,0.0,0.0,44,57,0,0,2.0,288,315403.03,1
82519,0.23,1120,3,GAINESVILLE,140500,181300,2004,100,1120.0,1958,2023,0,-82.30076346,29.66955631,10760-015-000,0.0,40.0,0.0,18,64,0,0,1.0,5303,324434.01,1
82761,0.14,1214,3,GAINESVILLE,34800,90000,1977,100,1054.0,1969,2023,0,-82.29159558,29.66292252,10823-069-000,0.0,360.0,0.0,45,53,0,0,2.0,176,324434.06,1
81708,0.26,1694,3,GAINESVILLE,95500,251100,1978,100,1694.0,1958,2023,0,-82.30733571,29.66567722,10575-005-000,0.0,84.0,0.0,44,64,0,0,2.0,454,324433.02,1
98216,0.18,632,2,ST. JOHN'S,113100,82400,1995,100,632.0,1960,2023,0,-82.24151975,29.64997181,17940-117-000,0.0,0.0,0.0,27,62,0,0,1.0,305,315506.12,1
21045,0.28,3704,4,SUWANNEE,199300,514500,2000,100,1436.0,1997,2024,0,-82.48251008,29.65386597,04333-010-010,1400.0,1816.0,528.0,23,26,0,0,3.5,15089,215202.04,1
81415,0.36,1538,3,GAINESVILLE,67200,305800,2008,100,1298.0,1953,2024,0,-82.31686819,29.66320781,10419-001-000,0.0,308.0,0.0,15,70,0,0,2.0,290,324433.04,1
95991,0.43,1619,3,WALDO,154200,176400,2002,100,1619.0,2002,2024,0,-82.17138193,29.79323977,17048-017-001,0.0,294.0,598.0,21,21,0,0,2.0,19558,313523.02,1
25524,0.23,1044,2,SUWANNEE,0,85800,1999,100,1044.0,1962,2024,0,-82.52357926,29.52138827,05105-003-000,0.0,0.0,0.0,24,61,0,0,1.0,0,216200.0,1
39732,1.0,2027,4,GAINESVILLE,37200,392000,2015,100,2027.0,1981,2024,0,-82.36751346,29.68575524,06092-004-009,0.0,355.0,529.0,8,42,0,0,3.0,25574,134325.08,1
54770,0.12,1050,3,ST. JOHN'S,153700,213600,1994,100,1050.0,1986,2024,0,-82.42118188,29.63399741,06678-015-050,0.0,30.0,290.0,29,37,0,0,2.0,510,125309.03,1
3237,0.34,1171,3,HIGH SPRINGS,64600,245000,2005,100,1171.0,1963,2024,0,-82.59873641,29.8319827,00703-006-000,0.0,147.0,0.0,18,60,0,0,1.0,2124,223100.07,1
4848,1.02,1873,3,HIGH SPRINGS,228700,443500,2012,100,1873.0,2005,2024,0,-82.60488119,29.80298535,01486-010-007,0.0,519.0,460.0,11,18,0,0,2.0,47412,223110.01,1
53161,0.93,2470,4,ST. JOHN'S,224300,650000,2015,100,2470.0,2013,2024,0,-82.45219721,29.64010529,06665-010-022,0.0,547.0,568.0,8,10,0,0,3.0,1965,125307.06,1
82055,0.24,1367,3,GAINESVILLE,31900,181300,1994,100,1175.0,1958,2024,0,-82.30709251,29.67018829,10618-023-000,0.0,192.0,0.0,29,65,0,0,2.0,1700,324433.01,2
82079,0.25,1544,3,GAINESVILLE,31900,155200,1999,100,1344.0,1959,2024,0,-82.30803073,29.66786237,10620-020-000,0.0,200.0,0.0,24,64,0,0,1.0,2670,324433.01,2
82761,0.14,1214,3,GAINESVILLE,34800,117600,1994,100,1054.0,1969,2024,0,-82.29159558,29.66292252,10823-069-000,0.0,360.0,0.0,29,54,0,0,2.0,176,324434.06,1
49330,0.24,1580,3,GAINESVILLE,221800,262700,1994,100,1580.0,1957,2024,0,-82.37427669,29.65628157,06482-066-000,0.0,0.0,0.0,29,66,0,0,2.0,1219,145302.01,1
49532,0.23,1512,3,GAINESVILLE,174000,235200,2004,100,1512.0,1959,2024,0,-82.37921518,29.65854121,06487-005-000,0.0,76.0,216.0,19,64,0,0,1.5,1740,145302.01,2
16039,0.51,1204,3,ALACHUA,154800,265000,1999,100,1204.0,1994,2024,0,-82.51710018,29.76521214,03980-010-023,0.0,0.0,440.0,24,29,0,0,2.0,958,233228.02,1
16896,7.1,1527,3,SUWANNEE,29900,245000,1994,100,1152.0,1981,2024,0,-82.55015461,29.71381557,04079-018-000,0.0,375.0,0.0,29,42,0,0,2.0,2500,154207.41,1
32661,0.25,1403,3,GAINESVILLE,142400,191100,1994,100,1403.0,1979,2024,0,-82.36748924,29.71075154,06014-025-007,0.0,63.0,0.0,29,44,0,0,2.0,3361,174313.01,1
61947,0.16,1926,4,ST. JOHN'S,228605,380000,2006,100,1926.0,2006,2024,0,-82.43509323,29.63015638,06860-366-025,0.0,331.0,380.0,17,17,0,0,2.0,3651,125317.06,1
12410,0.16,1607,3,HIGH SPRINGS,246700,313500,2012,100,1607.0,2012,2024,0,-82.55135106,29.80721487,03034-010-069,0.0,178.0,400.0,11,11,0,0,2.0,971,223100.15,1
12667,0.25,2640,4,ALACHUA,238900,465000,2004,100,2640.0,2004,2024,0,-82.5210624,29.80653447,03053-010-001,0.0,781.0,483.0,19,19,0,0,2.0,17172,233208.02,1
13424,0.21,1006,3,ALACHUA,2300,250500,2009,100,1006.0,2004,2024,0,-82.47596099,29.78960559,03195-002-079,0.0,30.0,418.0,14,19,0,0,2.0,2011,233213.02,1
30964,0.06,1514,3,GAINESVILLE,230000,283800,2003,100,1351.5,2003,2024,0,-82.39499846,29.72676732,06006-066-130,0.0,190.5,456.0,20,20,0,0,2.0,208,114310.09,1
61011,0.04,1616,3,ST. JOHN'S,80000,340000,2000,100,808.0,2000,2024,0,-82.43790968,29.60860249,06860-290-036,808.0,132.0,540.0,23,23,0,0,2.5,557,125320.02,1
44087,0.4,1788,3,ST. JOHN'S,145300,274400,1994,100,1788.0,1982,2024,0,-82.44320191,29.66470122,06300-004-000,0.0,228.0,462.0,29,41,0,0,2.5,2936,114331.01,1
59226,0.17,2036,3,ST. JOHN'S,226400,285000,2007,100,2035.5,2002,2024,0,-82.42832818,29.60713314,06858-020-097,0.0,155.5,420.0,16,21,0,0,2.0,360,125320.18,1
9744,0.24,1794,3,NEWBERRY,247101,347800,2012,100,1794.0,2012,2024,0,-82.60796609,29.6328763,02530-020-031,0.0,224.0,528.0,11,11,0,0,2.0,1725,215109.01,1
42706,0.2,1960,3,ST. JOHN'S,89900,256800,1994,100,854.0,1983,2024,0,-82.40633367,29.68642088,06196-024-000,686.0,484.0,0.0,29,40,0,0,2.5,4027,114328.08,1
84296,0.9,883,2,GAINESVILLE,194300,88200,1994,100,883.0,1950,2024,0,-82.2985453,29.65317536,11219-000-000,0.0,77.0,0.0,29,73,0,0,1.0,1717,315403.01,1
79157,0.76,3303,3,GAINESVILLE,61700,137200,1999,100,3303.0,1968,2024,0,-82.35227434,29.66711479,09018-071-000,0.0,44.0,0.0,24,55,0,0,2.5,4980,324431.05,1
75722,0.24,1368,3,GAINESVILLE,95800,147000,1994,100,1368.0,1961,2024,0,-82.31104381,29.67777491,08202-139-000,0.0,52.0,0.0,29,62,0,0,2.0,1218,324428.02,1
75839,0.23,1520,3,GAINESVILLE,95900,127400,1994,100,1152.0,1963,2024,0,-82.30832729,29.67892209,08203-106-000,0.0,440.0,0.0,29,60,0,0,1.5,856,324428.02,1
89742,0.47,1863,3,GAINESVILLE,61500,475000,2008,100,1863.0,1954,2024,0,-82.34591195,29.65872745,15256-000-000,0.0,54.0,0.0,15,69,0,0,2.0,7458,145406.03,1
73817,0.23,1286,3,GAINESVILLE,89600,130000,1994,100,1046.0,1972,2024,0,-82.35336624,29.69356834,07917-051-000,0.0,0.0,0.0,29,51,0,0,2.0,547,324419.04,1
87328,0.14,2917,3,GAINESVILLE,218000,294000,1994,100,1671.0,1940,2024,0,-82.32741442,29.64917122,13450-000-000,1246.0,72.0,0.0,29,83,0,0,5.0,0,145405.04,1
32481,0.25,1820,3,GAINESVILLE,142300,293000,1995,100,1820.0,1975,2025,0,-82.36519259,29.70838716,06014-022-084,0.0,0.0,0.0,29,49,0,0,2.0,437,174313.01,1
32661,0.25,1403,3,GAINESVILLE,142400,268000,1995,100,1403.0,1979,2025,0,-82.36748924,29.71075154,06014-025-007,0.0,63.0,0.0,29,45,0,0,2.0,3361,174313.01,1
33426,0.11,1718,3,GAINESVILLE,127400,220000,1988,100,800.0,1985,2025,0,-82.3789437,29.70939124,06017-001-034,918.0,0.0,326.0,36,39,0,0,2.5,2804,164314.01,1
33615,0.15,1886,3,GAINESVILLE,129000,63000,2004,100,1546.0,1990,2025,0,-82.37964662,29.71233474,06017-032-019,0.0,364.0,441.0,20,34,0,0,2.0,3323,164314.06,1
47232,0.23,1052,3,GAINESVILLE,57900,225500,1995,100,912.0,1962,2025,0,-82.38257067,29.66740034,06398-005-000,0.0,231.0,0.0,29,62,0,0,1.0,2040,114335.12,1
47293,0.23,1255,3,GAINESVILLE,188900,303000,1995,100,1255.0,1959,2025,0,-82.38180672,29.66835666,06399-013-000,0.0,196.0,0.0,29,65,0,0,2.0,2491,114335.12,1
61011,0.04,1616,3,ST. JOHN'S,80000,365000,2000,100,808.0,2000,2025,0,-82.43790968,29.60860249,06860-290-036,808.0,132.0,540.0,24,24,0,0,2.5,557,125320.02,1
61848,0.4,2798,4,ST. JOHN'S,232601,930000,2015,100,2238.0,2005,2025,0,-82.43818413,29.62524688,06860-362-037,560.0,396.5,682.0,9,19,0,0,3.0,39892,125317.04,1
77041,0.21,895,3,GAINESVILLE,146100,247000,2004,100,895.0,1949,2025,0,-82.33613959,29.67548356,08652-000-000,0.0,0.0,0.0,20,75,0,0,1.0,0,324429.01,1
77257,0.33,1112,3,GAINESVILLE,188100,287500,1995,100,1112.0,1983,2025,0,-82.33738647,29.68235731,08824-000-000,0.0,80.0,396.0,29,41,0,0,1.5,4001,324429.02,1
77414,0.16,1228,3,GAINESVILLE,166400,150500,2005,100,1228.0,1999,2025,0,-82.34812797,29.68389858,08876-007-001,0.0,165.0,308.0,19,25,0,0,2.0,3426,324430.01,1
77440,0.15,864,3,GAINESVILLE,166400,200000,2000,100,864.0,1920,2025,0,-82.35118071,29.68462361,08878-002-000,0.0,0.0,0.0,24,104,0,0,1.0,0,324430.01,1
12151,2.0,2748,4,ALACHUA,48900,580000,2012,100,2448.5,1996,2025,0,-82.50154044,29.8162852,03013-020-014,0.0,355.5,506.0,12,28,0,0,2.0,10552,233203.01,1
12410,0.16,1607,3,HIGH SPRINGS,246700,325000,2012,100,1607.0,2012,2025,0,-82.55135106,29.80721487,03034-010-069,0.0,178.0,400.0,12,12,0,0,2.0,929,223100.15,1
13424,0.21,1006,3,ALACHUA,2300,263000,2009,100,1006.0,2004,2025,0,-82.47596099,29.78960559,03195-002-079,0.0,30.0,418.0,15,20,0,0,2.0,2011,233213.02,1
14435,0.11,692,3,ALACHUA,76600,75000,1995,100,692.0,1933,2025,0,-82.49747601,29.7969252,03554-000-000,0.0,108.0,0.0,29,91,0,0,1.0,0,233215.03,1
30333,0.1,1152,3,GAINESVILLE,200500,220000,1995,100,1152.0,1987,2025,0,-82.38327115,29.73262282,05979-069-000,0.0,0.0,0.0,29,37,0,0,2.0,368,174302.01,1
30964,0.06,1514,3,GAINESVILLE,230000,305000,2003,100,1351.5,2003,2025,0,-82.39499846,29.72676732,06006-066-130,0.0,190.5,456.0,21,21,0,0,2.0,208,114310.09,1
32064,0.4,1384,3,GAINESVILLE,141800,238700,2005,100,1384.0,1981,2025,0,-82.37105897,29.71197338,06014-012-010,0.0,20.0,440.0,19,43,0,0,2.0,4760,174313.12,1
44990,0.33,1883,4,ST. JOHN'S,37500,441800,1996,100,1883.0,1996,2025,0,-82.43721464,29.6723294,06322-010-011,0.0,242.5,484.0,28,28,0,0,2.5,22893,114332.02,1
46530,0.36,2710,3,GAINESVILLE,186700,510000,2005,100,2710.0,1968,2025,0,-82.39069959,29.66966493,06383-029-018,0.0,162.0,0.0,19,56,0,0,2.0,6558,114334.1,1
59226,0.17,2036,3,ST. JOHN'S,226400,424900,2007,100,2035.5,2002,2025,0,-82.42832818,29.60713314,06858-020-097,0.0,155.5,420.0,17,22,0,0,2.0,360,125320.18,1
59243,0.23,2440,3,ST. JOHN'S,226400,440000,2002,100,2439.5,2002,2025,0,-82.43031235,29.60716449,06858-020-114,0.0,223.5,457.0,22,22,0,0,3.0,2896,125320.18,1
74597,0.27,1113,3,GAINESVILLE,145500,216400,2012,100,1113.0,1952,2025,0,-82.33329382,29.68914577,08055-020-000,0.0,77.0,0.0,12,72,0,0,2.0,2680,324420.03,1
75722,0.24,1368,3,GAINESVILLE,95800,240000,1995,100,1368.0,1961,2025,0,-82.31104381,29.67777491,08202-139-000,0.0,52.0,0.0,29,63,0,0,2.0,1218,324428.02,1
75839,0.23,1520,3,GAINESVILLE,95900,234000,1995,100,1152.0,1963,2025,0,-82.30832729,29.67892209,08203-106-000,0.0,440.0,0.0,29,61,0,0,1.5,856,324428.02,1
76048,0.24,989,3,GAINESVILLE,96000,186000,1998,100,989.0,1970,2025,0,-82.30899014,29.68244115,08231-003-049,0.0,0.0,0.0,26,54,0,0,1.0,300,324428.01,1
9744,0.24,1794,3,NEWBERRY,247101,355000,2012,100,1794.0,2012,2025,0,-82.60796609,29.6328763,02530-020-031,0.0,224.0,528.0,12,12,0,0,2.0,1635,215109.01,1
44087,0.4,1788,3,ST. JOHN'S,145300,320000,1995,100,1788.0,1982,2025,0,-82.44320191,29.66470122,06300-004-000,0.0,228.0,462.0,29,42,0,0,2.5,2936,114331.01,1
73295,0.05,1238,3,GAINESVILLE,236402,270000,2014,100,1238.0,2014,2025,0,-82.35491732,29.70250712,07891-030-227,0.0,81.0,264.0,10,10,0,0,2.0,738,324419.03,1
73817,0.23,1286,3,GAINESVILLE,89600,320000,1995,100,1046.0,1972,2025,0,-82.35336624,29.69356834,07917-051-000,0.0,0.0,0.0,29,52,0,0,2.0,547,324419.04,1
89793,0.29,1995,3,GAINESVILLE,61500,529900,2008,100,1860.0,1946,2025,0,-82.34516769,29.65606435,15306-000-000,0.0,183.0,0.0,16,78,0,0,2.0,1802,145406.03,1
42201,0.23,1673,3,ST. JOHN'S,28200,320000,2000,100,1673.0,1996,2025,0,-82.40030885,29.68124467,06150-001-057,0.0,126.0,399.0,24,28,0,0,2.0,404,114327.04,1
42591,0.32,1647,3,ST. JOHN'S,0,375000,2015,100,1647.0,1964,2025,0,-82.39233004,29.67469035,06178-005-000,0.0,138.0,540.0,9,60,0,0,2.0,1061,114327.05,1
42706,0.2,1960,3,ST. JOHN'S,89900,352500,1995,100,854.0,1983,2025,0,-82.40633367,29.68642088,06196-024-000,686.0,484.0,0.0,29,41,0,0,2.5,4027,114328.08,1
4848,1.02,1873,3,HIGH SPRINGS,228700,478000,2012,100,1873.0,2005,2025,0,-82.60488119,29.80298535,01486-010-007,0.0,519.0,460.0,12,19,0,0,2.0,46866,223110.01,1
39732,1.0,2027,4,GAINESVILLE,37200,610000,2015,100,2027.0,1981,2025,0,-82.36751346,29.68575524,06092-004-009,0.0,355.0,529.0,9,43,0,0,3.0,25574,134325.08,1
39785,0.24,1591,3,GAINESVILLE,93100,298000,2005,100,1591.0,1980,2025,0,-82.36459598,29.68786667,06092-014-027,0.0,45.0,552.0,19,44,0,0,2.0,8327,134325.36,1
54770,0.12,1050,3,ST. JOHN'S,153700,207900,1995,100,1050.0,1986,2025,0,-82.42118188,29.63399741,06678-015-050,0.0,30.0,290.0,29,38,0,0,2.0,510,125309.03,1
54772,0.12,1100,3,ST. JOHN'S,153700,170100,1998,100,1100.0,1985,2025,0,-82.42118083,29.63427434,06678-015-052,0.0,20.0,336.0,26,39,0,0,2.0,378,125309.03,1
3482,0.34,1083,2,HIGH SPRINGS,64600,150000,1995,100,1083.0,1929,2025,0,-82.60636425,29.83200859,00911-000-000,0.0,96.0,0.0,29,95,0,0,1.0,0,223100.07,1
21045,0.28,3704,4,SUWANNEE,199300,770000,2000,100,1436.0,1997,2025,0,-82.48251008,29.65386597,04333-010-010,1400.0,1816.0,528.0,24,27,0,0,3.5,15001,215202.04,1
53343,1.2,3668,5,ST. JOHN'S,30406,890000,2000,100,3151.0,2000,2025,0,-82.45544667,29.63658267,06666-050-102,517.0,584.0,911.0,24,24,0,0,4.0,29085,125307.03,1
67827,0.09,1343,3,GAINESVILLE,175800,295000,1998,100,1343.0,1995,2025,0,-82.36551551,29.61296921,07295-110-000,0.0,30.0,242.0,26,29,0,0,2.0,3827,148100.84,1
82055,0.24,1367,3,GAINESVILLE,31900,224000,1995,100,1175.0,1958,2025,0,-82.30709251,29.67018829,10618-023-000,0.0,192.0,0.0,29,66,0,0,2.0,1700,324433.01,1
82079,0.25,1344,3,GAINESVILLE,31900,283900,1999,100,1344.0,1959,2025,0,-82.30803073,29.66786237,10620-020-000,0.0,0.0,285.0,25,65,0,0,1.0,2670,324433.01,1
82761,0.14,1214,3,GAINESVILLE,34800,195000,1995,100,1054.0,1969,2025,0,-82.29159558,29.66292252,10823-069-000,0.0,360.0,0.0,29,55,0,0,2.0,176,324434.06,1
19814,0.05,1184,3,SUWANNEE,245304,247000,2015,100,1183.5,2015,2025,0,-82.47747373,29.66411142,04314-102-119,0.0,177.5,273.0,9,9,0,0,2.0,51,154235.01,1
20300,0.25,2443,4,SUWANNEE,245500,627500,2017,100,2442.5,2017,2025,0,-82.45921148,29.67109965,04321-053-054,0.0,340.5,483.0,7,7,0,0,2.5,46021,134236.03,1
64958,4.7,2200,3,ST. JOHN'S,0,362000,2008,100,2200.0,2000,2025,0,-82.423899,29.58456355,07098-014-000,0.0,168.0,616.0,16,24,0,0,2.0,12530,125332.01,1
81087,0.34,1878,3,GAINESVILLE,127100,305000,2010,100,1878.0,1950,2025,0,-82.31538948,29.66843095,10173-000-000,0.0,222.0,0.0,14,74,0,0,2.0,4944,324433.02,1
81415,0.36,1538,3,GAINESVILLE,67200,255000,2008,100,1298.0,1953,2025,0,-82.31686819,29.66320781,10419-001-000,0.0,308.0,0.0,16,71,0,0,2.0,290,324433.04,1
81708,0.26,1694,3,GAINESVILLE,95500,200000,1995,100,1694.0,1958,2025,0,-82.30733571,29.66567722,10575-005-000,0.0,84.0,0.0,29,66,0,0,2.0,454,324433.02,1
16896,7.1,1527,3,SUWANNEE,29900,300000,1995,100,1152.0,1981,2025,0,-82.55015461,29.71381557,04079-018-000,0.0,375.0,0.0,29,43,0,0,2.0,2500,154207.41,1
17046,21.0,1882,3,SUWANNEE,0,756000,2000,100,1882.0,1983,2025,0,-82.53912259,29.72416643,04092-003-000,0.0,746.0,598.0,24,41,0,0,2.0,34412,154208.45,1
18870,0.17,1521,3,SUWANNEE,239800,353000,2005,100,1521.0,2005,2025,0,-82.49927731,29.67419616,04227-010-078,0.0,292.0,420.0,19,19,0,0,2.0,3400,134227.02,1
34702,1.02,1758,4,SUWANNEE,121200,425000,2007,100,1758.0,1981,2025,0,-82.43233392,29.70700686,06035-003-020,0.0,222.0,390.0,17,43,0,0,2.0,12868,114317.01,1
35321,0.21,1324,3,ST. JOHN'S,187601,299000,1995,100,1324.0,1988,2025,0,-82.40890977,29.69389055,06048-010-036,0.0,200.0,420.0,29,36,0,0,2.0,2912,114321.06,1
35649,1.91,3983,5,ST. JOHN'S,195500,988500,2009,100,1915.0,1994,2025,0,-82.41552108,29.70128892,06050-010-011,2068.0,26.0,834.0,15,30,0,0,3.0,39904,114321.03,1
49466,0.24,1340,3,GAINESVILLE,72800,276000,1995,100,1340.0,1956,2025,0,-82.37848405,29.65386576,06484-076-000,0.0,309.0,0.0,29,68,0,0,2.0,953,145302.01,1
49532,0.23,1512,3,GAINESVILLE,174000,354000,2004,100,1512.0,1959,2025,0,-82.37921518,29.65854121,06487-005-000,0.0,76.0,216.0,20,65,0,0,1.5,1740,145302.01,1
79157,0.76,3303,3,GAINESVILLE,61700,565000,1999,100,3303.0,1968,2025,0,-82.35227434,29.66711479,09018-071-000,0.0,44.0,0.0,25,56,0,0,2.5,4980,324431.05,1
95991,0.43,1619,3,WALDO,154200,303000,2002,100,1619.0,2002,2025,0,-82.17138193,29.79323977,17048-017-001,0.0,294.0,598.0,22,22,0,0,2.0,19496,313523.02,1
96360,0.46,1679,3,WALDO,148500,205000,1995,100,1679.0,1927,2025,0,-82.17139016,29.79005367,17192-002-000,0.0,760.0,0.0,29,97,0,0,2.0,1288,313523.01,1
87328,0.14,2989,4,GAINESVILLE,218000,612500,2018,100,1671.0,1940,2025,0,-82.32741442,29.64917122,13450-000-000,1246.0,144.0,468.0,6,84,0,0,5.0,0,145405.04,1
87817,0.24,1322,3,GAINESVILLE,23200,450000,1995,100,1322.0,1932,2025,0,-82.33191727,29.65367521,13669-000-000,0.0,96.0,0.0,29,92,0,0,1.0,5092,136030.35,1
88103,0.1,858,3,GAINESVILLE,24400,150000,1995,100,858.0,1946,2025,0,-82.33514475,29.65466673,13932-000-000,0.0,25.0,0.0,29,78,0,0,1.0,0,136030.3,1
88228,0.14,1412,3,GAINESVILLE,25100,110000,1995,100,1412.0,1927,2025,0,-82.33788463,29.65676917,14072-000-000,0.0,0.0,0.0,29,97,0,0,1.0,749,145405.07,1
84423,0.19,1224,3,GAINESVILLE,137005,148000,2003,100,944.0,1920,2025,0,-82.29868767,29.65161602,11264-000-000,0.0,370.0,0.0,21,104,0,0,1.0,250,315403.03,1
84457,0.23,1800,3,GAINESVILLE,137006,242500,1995,100,1800.0,1965,2025,0,-82.29808755,29.64918307,11276-009-000,0.0,0.0,0.0,29,59,0,0,2.0,288,315403.03,1
100727,0.42,2538,3,SUWANNEE,210500,630000,1995,100,2538.0,1959,2025,0,-82.08388137,29.71830555,18688-002-000,0.0,224.0,0.0,29,65,0,1,2.0,46660,314600.21,1
98216,0.18,632,2,ST. JOHN'S,113100,80000,1995,100,632.0,1960,2025,0,-82.24151975,29.64997181,17940-117-000,0.0,0.0,0.0,29,64,0,0,1.0,738,315506.12,1
